,Movie Name,Director,Country,Language,Release Date,Running Time,IMDB Rating,Release Year
1,The Shawshank Redemption,Frank Darabont,USA,English,14 October 1994 ,2h 22min,9.3,1994
2,The Godfather,Francis Ford Coppola,USA,English,24 March 1972 ,2h 55min,9.2,1972
3,The Godfather: Part II,Francis Ford Coppola,USA,English,20 December 1974 ,3h 22min,9.0,1974
4,The Dark Knight,Christopher Nolan,USA,English,18 July 2008 ,2h 32min,9.0,2008
5,12 Angry Men,Sidney Lumet,USA,English,10 April 1957 ,1h 36min,8.9,1957
6,Schindler's List,Steven Spielberg,USA,English,4 February 1994 ,3h 15min,8.9,1994
7,The Lord of the Rings: The Return of the King,Peter Jackson,New Zealand,English,17 December 2003 ,3h 21min,8.9,2003
8,Pulp Fiction,Quentin Tarantino,USA,English,14 October 1994 ,2h 34min,8.9,1994
9,"The Good, the Bad and the Ugly",Sergio Leone,Italy,Italian,29 December 1967 ,2h 58min,8.9,1967
10,Fight Club,David Fincher,USA,English,15 October 1999 ,2h 19min,8.8,1999
11,The Lord of the Rings: The Fellowship of the Ring,Peter Jackson,New Zealand,English,19 December 2001 ,2h 58min,8.8,2001
12,Forrest Gump,Robert Zemeckis,USA,English,6 July 1994 ,2h 22min,8.8,1994
13,Star Wars: Episode V - The Empire Strikes Back,Irvin Kershner,USA,English,20 June 1980 ,2h 4min,8.7,1980
14,Inception,Christopher Nolan,USA,English,16 July 2010 ,2h 28min,8.8,2010
15,The Lord of the Rings: The Two Towers,Peter Jackson,New Zealand,English,18 December 2002 ,2h 59min,8.7,2002
16,One Flew Over the Cuckoo's Nest,Milos Forman,USA,English,19 November 1975 ,2h 13min,8.7,1975
17,Goodfellas,Martin Scorsese,USA,English,21 September 1990 ,2h 26min,8.7,1990
18,The Matrix,Lana Wachowski,USA,English,31 March 1999 ,2h 16min,8.7,1999
19,Seven Samurai,Akira Kurosawa,Japan,Japanese,19 November 1956 ,3h 27min,8.7,1956
20,Se7en,David Fincher,USA,English,22 September 1995 ,2h 7min,8.6,1995
21,City of God,Fernando Meirelles,Brazil,Portuguese,13 February 2004 ,2h 10min,8.6,2004
22,Star Wars: Episode IV - A New Hope,George Lucas,USA,English,25 May 1977 ,2h 1min,8.6,1977
23,The Silence of the Lambs,Jonathan Demme,USA,English,14 February 1991 ,1h 58min,8.6,1991
24,It's a Wonderful Life,Frank Capra,USA,English,7 January 1947 ,2h 10min,8.6,1947
25,Life Is Beautiful,Roberto Benigni,Italy,Italian,12 February 1999 ,1h 56min,8.6,1999
26,Spirited Away,Hayao Miyazaki,Japan,Japanese,28 March 2003 ,2h 5min,8.6,2003
27,Saving Private Ryan,Steven Spielberg,USA,English,24 July 1998 ,2h 49min,8.6,1998
28,The Usual Suspects,Bryan Singer,USA,English,15 September 1995 ,1h 46min,8.6,1995
29,Léon: The Professional,Luc Besson,USA,English,18 November 1994 ,1h 50min,8.6,1994
30,The Green Mile,Frank Darabont,USA,English,10 December 1999 ,3h 9min,8.6,1999
31,Interstellar,Christopher Nolan,USA,English,7 November 2014 ,2h 49min,8.6,2014
32,Psycho,Alfred Hitchcock,USA,English,8 September 1960 ,1h 49min,8.5,1960
33,American History X,Tony Kaye,USA,English,20 November 1998 ,1h 59min,8.5,1998
34,City Lights,Charles Chaplin,USA,English,7 March 1931 ,1h 27min,8.5,1931
35,Casablanca,Michael Curtiz,USA,English,23 January 1943 ,1h 42min,8.5,1943
36,Once Upon a Time in the West,Sergio Leone,Italy,Italian,4 July 1969 ,2h 45min,8.5,1969
37,The Pianist,Roman Polanski,UK,English,28 March 2003 ,2h 30min,8.5,2003
38,Modern Times,Charles Chaplin,USA,English,25 February 1936 ,1h 27min,8.5,1936
39,The Intouchables,Olivier Nakache,France,French,2 November 2011 ,1h 52min,8.5,2011
40,The Departed,Martin Scorsese,USA,English,6 October 2006 ,2h 31min,8.5,2006
41,Back to the Future,Robert Zemeckis,USA,English,3 July 1985 ,1h 56min,8.5,1985
42,Terminator 2: Judgment Day,James Cameron,USA,English,3 July 1991 ,2h 17min,8.5,1991
43,Whiplash,Damien Chazelle,USA,English,15 October 2014 ,1h 46min,8.5,2014
44,The Lion King,Roger Allers,USA,English,24 June 1994 ,1h 28min,8.5,1994
45,Rear Window,Alfred Hitchcock,USA,English,September 1954 ,1h 52min,8.5,1954
46,Raiders of the Lost Ark,Steven Spielberg,USA,English,12 June 1981 ,1h 55min,8.5,1981
47,Gladiator,Ridley Scott,USA,English,5 May 2000 ,2h 35min,8.5,2000
48,The Prestige,Christopher Nolan,USA,English,20 October 2006 ,2h 10min,8.5,2006
49,Apocalypse Now,Francis Ford Coppola,USA,English,15 August 1979 ,2h 27min,8.5,1979
50,Spider-Man: Into the Spider-Verse,Bob Persichetti,USA,English,14 December 2018 ,1h 57min,8.5,2018
51,Memento,Christopher Nolan,USA,English,25 May 2001 ,1h 53min,8.5,2001
52,Alien,Ridley Scott,UK,English,22 June 1979 ,1h 56min,8.5,1979
53,Grave of the Fireflies,Isao Takahata,Japan,Japanese,26 July 1989 ,1h 29min,8.5,1989
54,Cinema Paradiso,Giuseppe Tornatore,Italy,Italian,23 February 1990 ,2h 35min,8.5,1990
55,The Great Dictator,Charles Chaplin,USA,English,7 March 1941 ,2h 5min,8.5,1941
56,Sunset Blvd.,Billy Wilder,USA,English,29 September 1950 ,1h 50min,8.4,1950
57,The Lives of Others,Florian Henckel von Donnersmarck,Germany,German,30 March 2007 ,2h 17min,8.4,2007
58,Dr. Strangelove or: How I Learned to Stop Worrying and Love the Bomb,Stanley Kubrick,USA,English,29 January 1964 ,1h 35min,8.4,1964
59,Paths of Glory,Stanley Kubrick,USA,English,November 1957 ,1h 28min,8.4,1957
60,Avengers: Infinity War,Anthony Russo,USA,English,27 April 2018 ,2h 29min,8.5,2018
61,Django Unchained,Quentin Tarantino,USA,English,25 December 2012 ,2h 45min,8.4,2012
62,The Shining,Stanley Kubrick,UK,English,13 June 1980 ,2h 26min,8.4,1980
63,WALL·E,Andrew Stanton,USA,English,27 June 2008 ,1h 38min,8.4,2008
64,Princess Mononoke,Hayao Miyazaki,Japan,Japanese,19 December 1997 ,2h 14min,8.4,1997
65,Witness for the Prosecution,Billy Wilder,USA,English,6 February 1958 ,1h 56min,8.4,1958
66,Oldeuboi,Chan-wook Park,South Korea,Korean,21 November 2003 ,2h,8.4,2003
67,Aliens,James Cameron,USA,English,18 July 1986 ,2h 17min,8.4,1986
68,The Dark Knight Rises,Christopher Nolan,UK,English,20 July 2012 ,2h 44min,8.4,2012
69,American Beauty,Sam Mendes,USA,English,1 October 1999 ,2h 2min,8.4,1999
70,Once Upon a Time in America,Sergio Leone,USA,English,1 June 1984 ,3h 49min,8.4,1984
71,Coco,Lee Unkrich,USA,English,22 November 2017 ,1h 45min,8.4,2017
72,Das Boot,Wolfgang Petersen,West Germany,German,10 February 1982 ,2h 29min,8.4,1982
73,Citizen Kane,Orson Welles,USA,English,5 September 1941 ,1h 59min,8.3,1941
74,Braveheart,Mel Gibson,USA,English,24 May 1995 ,2h 58min,8.4,1995
75,Vertigo,Alfred Hitchcock,USA,English,21 July 1958 ,2h 8min,8.3,1958
76,North by Northwest,Alfred Hitchcock,USA,English,26 September 1959 ,2h 16min,8.3,1959
77,Reservoir Dogs,Quentin Tarantino,USA,English,2 September 1992 ,1h 39min,8.3,1992
78,Your Name.,Makoto Shinkai,Japan,Japanese,7 April 2017 ,1h 46min,8.4,2017
79,Star Wars: Episode VI - Return of the Jedi,Richard Marquand,USA,English,25 May 1983 ,2h 11min,8.3,1983
80,M,Fritz Lang,Germany,German,31 August 1931 ,1h 39min,8.3,1931
81,Amadeus,Milos Forman,USA,English,19 September 1984 ,2h 40min,8.3,1984
82,Requiem for a Dream,Darren Aronofsky,USA,English,15 December 2000 ,1h 42min,8.3,2000
83,Dangal,Nitesh Tiwari,India,Hindi,21 December 2016 ,2h 41min,8.5,2016
84,3 Idiots,Rajkumar Hirani,India,Hindi,25 December 2009 ,2h 50min,8.4,2009
85,2001: A Space Odyssey,Stanley Kubrick,UK,English,12 May 1968 ,2h 29min,8.3,1968
86,Taare Zameen Par,Aamir Khan,India,Hindi,21 December 2007 ,2h 45min,8.4,2007
87,Toy Story,John Lasseter,USA,English,22 November 1995 ,1h 21min,8.3,1995
88,Eternal Sunshine of the Spotless Mind,Michel Gondry,USA,English,19 March 2004 ,1h 48min,8.3,2004
89,Lawrence of Arabia,David Lean,UK,English,11 December 1962 ,3h 36min,8.3,1962
90,A Clockwork Orange,Stanley Kubrick,USA,English,2 February 1972 ,2h 16min,8.3,1972
91,Singin' in the Rain,Stanley Donen,USA,English,11 April 1952 ,1h 43min,8.3,1952
92,Amélie,Jean-Pierre Jeunet,France,French,8 February 2002 ,2h 2min,8.3,2002
93,Double Indemnity,Billy Wilder,USA,English,6 July 1944 ,1h 47min,8.3,1944
94,Taxi Driver,Martin Scorsese,USA,English,8 February 1976 ,1h 54min,8.3,1976
95,Inglourious Basterds,Quentin Tarantino,Germany,English,21 August 2009 ,2h 33min,8.3,2009
96,Full Metal Jacket,Stanley Kubrick,USA,English,10 July 1987 ,1h 56min,8.3,1987
97,To Kill a Mockingbird,Robert Mulligan,USA,English,16 March 1963 ,2h 9min,8.3,1963
98,Bicycle Thieves,Vittorio De Sica,Italy,Italian,13 December 1949 ,1h 29min,8.3,1949
99,The Kid,Charles Chaplin,USA,English,6 February 1921 ,1h 8min,8.3,1921
100,Good Will Hunting,Gus Van Sant,USA,English,9 January 1998 ,2h 6min,8.3,1998
101,The Sting,George Roy Hill,USA,English,25 December 1973 ,2h 9min,8.3,1973
102,The Hunt,Thomas Vinterberg,Denmark,Danish,10 January 2013 ,1h 55min,8.3,2013
103,Toy Story 3,Lee Unkrich,USA,English,18 June 2010 ,1h 43min,8.3,2010
104,Snatch,Guy Ritchie,UK,English,19 January 2001 ,1h 42min,8.3,2001
105,Scarface,Brian De Palma,USA,English,9 December 1983 ,2h 50min,8.3,1983
106,For a Few Dollars More,Sergio Leone,Italy,Italian,10 May 1967 ,2h 12min,8.3,1967
107,The Apartment,Billy Wilder,USA,English,16 September 1960 ,2h 5min,8.3,1960
108,Metropolis,Fritz Lang,Germany,German,13 March 1927 ,2h 33min,8.3,1927
109,Monty Python and the Holy Grail,Terry Gilliam,USA,English,25 May 1975 ,1h 31min,8.3,1975
110,L.A. Confidential,Curtis Hanson,USA,English,19 September 1997 ,2h 18min,8.3,1997
111,A Separation,Asghar Farhadi,Iran,Persian,16 March 2011 ,2h 3min,8.3,2011
112,Indiana Jones and the Last Crusade,Steven Spielberg,USA,English,24 May 1989 ,2h 7min,8.2,1989
113,Rashômon,Akira Kurosawa,Japan,Japanese,26 December 1951 ,1h 28min,8.3,1951
114,Up,Pete Docter,USA,English,29 May 2009 ,1h 36min,8.2,2009
115,All About Eve,Joseph L. Mankiewicz,USA,English,27 October 1950 ,2h 18min,8.3,1950
116,Batman Begins,Christopher Nolan,USA,English,15 June 2005 ,2h 20min,8.2,2005
117,Some Like It Hot,Billy Wilder,USA,English,14 April 1959 ,2h 1min,8.2,1959
118,Yojimbo,Akira Kurosawa,Japan,Japanese,13 September 1961 ,1h 50min,8.3,1961
119,Downfall,Oliver Hirschbiegel,Germany,German,8 April 2005 ,2h 36min,8.2,2005
120,Unforgiven,Clint Eastwood,USA,English,7 August 1992 ,2h 10min,8.2,1992
121,Die Hard,John McTiernan,USA,English,20 July 1988 ,2h 12min,8.2,1988
122,Heat,Michael Mann,USA,English,15 December 1995 ,2h 50min,8.2,1995
123,The Treasure of the Sierra Madre,John Huston,USA,English,24 January 1948 ,2h 6min,8.2,1948
124,Incendies,Denis Villeneuve,Canada,French,12 January 2011 ,2h 11min,8.3,2011
125,Green Book,Peter Farrelly,USA,English,16 November 2018 ,2h 10min,8.3,2018
126,Ikiru,Akira Kurosawa,Japan,Japanese,25 March 1956 ,2h 23min,8.3,1956
127,Raging Bull,Martin Scorsese,USA,English,19 December 1980 ,2h 9min,8.2,1980
128,The Great Escape,John Sturges,USA,English,4 July 1963 ,2h 52min,8.2,1963
129,Children of Heaven,Majid Majidi,Iran,Persian,22 January 1999 ,1h 29min,8.3,1999
130,Pan's Labyrinth,Guillermo del Toro,Spain,Spanish,19 January 2007 ,1h 58min,8.2,2007
131,Chinatown,Roman Polanski,USA,English,20 June 1974 ,2h 10min,8.2,1974
132,My Neighbor Totoro,Hayao Miyazaki,Japan,Japanese,13 July 1990 ,1h 26min,8.2,1990
133,Babam ve Oglum,Çagan Irmak,Turkey,Turkish,18 November 2005 ,1h 48min,8.4,2005
134,The Third Man,Carol Reed,USA,English,12 October 1949 ,1h 33min,8.2,1949
135,Howl's Moving Castle,Hayao Miyazaki,Japan,Japanese,17 June 2005 ,1h 59min,8.2,2005
136,Ran,Akira Kurosawa,Japan,Japanese,1 June 1985 ,2h 42min,8.2,1985
137,Judgment at Nuremberg,Stanley Kramer,USA,English,18 December 1961 ,3h 6min,8.2,1961
138,The Secret in Their Eyes,Juan José Campanella,Argentina,Spanish,21 May 2010 ,2h 9min,8.2,2010
139,The Gold Rush,Charles Chaplin,USA,English,1925 ,1h 35min,8.2,1925
140,The Bridge on the River Kwai,David Lean,USA,English,14 December 1957 ,2h 41min,8.2,1957
141,A Beautiful Mind,Ron Howard,USA,English,4 January 2002 ,2h 15min,8.2,2002
142,"Lock, Stock and Two Smoking Barrels",Guy Ritchie,UK,English,28 August 1998 ,1h 47min,8.2,1998
143,Casino,Martin Scorsese,USA,English,22 November 1995 ,2h 58min,8.2,1995
144,The Seventh Seal,Ingmar Bergman,Sweden,Swedish,13 October 1958 ,1h 36min,8.2,1958
145,On the Waterfront,Elia Kazan,USA,English,22 June 1954 ,1h 48min,8.2,1954
146,"Three Billboards Outside Ebbing, Missouri",Martin McDonagh,UK,English,1 December 2017 ,1h 55min,8.2,2017
147,The Wolf of Wall Street,Martin Scorsese,USA,English,25 December 2013 ,3h,8.2,2013
148,The Elephant Man,David Lynch,USA,English,10 October 1980 ,2h 4min,8.2,1980
149,Inside Out,Pete Docter,USA,English,19 June 2015 ,1h 35min,8.2,2015
150,V for Vendetta,James McTeigue,USA,English,17 March 2006 ,2h 12min,8.2,2006
151,Mr. Smith Goes to Washington,Frank Capra,USA,English,19 October 1939 ,2h 9min,8.2,1939
152,Room,Lenny Abrahamson,Ireland,English,22 January 2016 ,1h 58min,8.2,2016
153,Warrior,Gavin O'Connor,USA,English,9 September 2011 ,2h 20min,8.2,2011
154,Blade Runner,Ridley Scott,USA,English,25 June 1982 ,1h 57min,8.2,1982
155,Dial M for Murder,Alfred Hitchcock,USA,English,29 May 1954 ,1h 45min,8.2,1954
156,Andhadhun,Sriram Raghavan,India,Hindi,5 October 2018 ,2h 19min,8.5,2018
157,No Country for Old Men,Ethan Coen,USA,English,21 November 2007 ,2h 2min,8.1,2007
158,There Will Be Blood,Paul Thomas Anderson,USA,English,25 January 2008 ,2h 38min,8.2,2008
159,Wild Strawberries,Ingmar Bergman,Sweden,Swedish,22 June 1959 ,1h 31min,8.2,1959
160,The General,Clyde Bruckman,USA,English,24 February 1927 ,1h 7min,8.2,1927
161,The Sixth Sense,M. Night Shyamalan,USA,English,6 August 1999 ,1h 47min,8.1,1999
162,Trainspotting,Danny Boyle,UK,English,9 August 1996 ,1h 33min,8.2,1996
163,Gone with the Wind,Victor Fleming,USA,English,17 January 1940 ,3h 58min,8.2,1940
164,The Thing,John Carpenter,USA,English,25 June 1982 ,1h 49min,8.1,1982
165,Fargo,Joel Coen,USA,English,5 April 1996 ,1h 38min,8.1,1996
166,Come and See,Elem Klimov,Soviet Union,Belarusian,17 October 1985 ,2h 22min,8.2,1985
167,Gran Torino,Clint Eastwood,Germany,English,9 January 2009 ,1h 56min,8.1,2009
168,Finding Nemo,Andrew Stanton,USA,English,30 May 2003 ,1h 40min,8.1,2003
169,The Deer Hunter,Michael Cimino,USA,English,23 February 1979 ,3h 3min,8.1,1979
170,Shutter Island,Martin Scorsese,USA,English,19 February 2010 ,2h 18min,8.1,2010
171,The Big Lebowski,Joel Coen,USA,English,6 March 1998 ,1h 57min,8.1,1998
172,Kill Bill: Vol. 1,Quentin Tarantino,USA,English,10 October 2003 ,1h 51min,8.1,2003
173,Sherlock Jr.,Buster Keaton,USA,English,11 May 1924 ,45min,8.2,1924
174,Cool Hand Luke,Stuart Rosenberg,USA,English,1 November 1967 ,2h 6min,8.1,1967
175,Tokyo Story,Yasujirô Ozu,Japan,Japanese,13 March 1972 ,2h 16min,8.2,1972
176,Rebecca,Alfred Hitchcock,USA,English,12 April 1940 ,2h 10min,8.1,1940
177,Mary and Max,Adam Elliot,Australia,English,9 April 2009 ,1h 32min,8.1,2009
178,Hacksaw Ridge,Mel Gibson,Australia,English,4 November 2016 ,2h 19min,8.1,2016
179,How to Train Your Dragon,Dean DeBlois,USA,English,26 March 2010 ,1h 38min,8.1,2010
180,Jurassic Park,Steven Spielberg,USA,English,11 June 1993 ,2h 7min,8.1,1993
181,Gone Girl,David Fincher,USA,English,3 October 2014 ,2h 29min,8.1,2014
182,Relatos salvajes,Damián Szifron,Argentina,Spanish,21 August 2014 ,2h 2min,8.1,2014
183,Sunrise,F.W. Murnau,USA,English,4 November 1927 ,1h 34min,8.2,1927
184,The Truman Show,Peter Weir,USA,English,5 June 1998 ,1h 43min,8.1,1998
185,Stalker,Andrei Tarkovsky,Russia,Russian,17 April 1980 ,2h 42min,8.1,1980
186,The Grand Budapest Hotel,Wes Anderson,USA,English,28 March 2014 ,1h 39min,8.1,2014
187,In the Name of the Father,Jim Sheridan,USA,English,25 February 1994 ,2h 13min,8.1,1994
188,Stand by Me,Rob Reiner,USA,English,26 November 1986 ,1h 29min,8.1,1986
189,Into the Wild,Sean Penn,USA,English,19 October 2007 ,2h 28min,8.1,2007
190,It Happened One Night,Frank Capra,USA,English,22 February 1934 ,1h 45min,8.1,1934
191,Platoon,Oliver Stone,USA,English,6 February 1987 ,2h,8.1,1987
192,Network,Sidney Lumet,USA,English,27 November 1976 ,2h 1min,8.1,1976
193,Monty Python's Life of Brian,Terry Jones,USA,English,17 August 1979 ,1h 34min,8.1,1979
194,Memories of Murder,Joon-ho Bong,South Korea,Korean,2 May 2003 ,2h 12min,8.1,2003
195,Neon Genesis Evangelion: The End of Evangelion,Hideaki Anno,Japan,Japanese,2005 ,1h 30min,8.3,2005
196,Ben-Hur,William Wyler,USA,English,29 January 1960 ,3h 32min,8.1,1960
197,Persona,Ingmar Bergman,Sweden,Swedish,16 March 1967 ,1h 23min,8.1,1967
198,12 Years a Slave,Steve McQueen,USA,English,8 November 2013 ,2h 14min,8.1,2013
199,Hotel Rwanda,Terry George,UK,English,4 February 2005 ,2h 1min,8.1,2005
200,Million Dollar Baby,Clint Eastwood,USA,English,28 January 2005 ,2h 12min,8.1,2005
201,Before Sunrise,Richard Linklater,USA,English,27 January 1995 ,1h 41min,8.1,1995
202,The Bandit,Yavuz Turgul,Turkey,Turkish,29 November 1996 ,2h 8min,8.3,1996
203,The Wages of Fear,Henri-Georges Clouzot,France,French,16 February 1955 ,2h 11min,8.1,1955
204,Prisoners,Denis Villeneuve,USA,English,20 September 2013 ,2h 33min,8.1,2013
205,Mad Max: Fury Road,George Miller,Australia,English,15 May 2015 ,2h,8.1,2015
206,Rush,Ron Howard,UK,English,27 September 2013 ,2h 3min,8.1,2013
207,Andrei Rublev,Andrei Tarkovsky,Russia,Russian,October 1973 ,3h 25min,8.2,1973
208,Hachi: A Dog's Tale,Lasse Hallström,UK,English,12 March 2010 ,1h 33min,8.1,2010
209,The 400 Blows,François Truffaut,France,French,16 November 1959 ,1h 39min,8.1,1959
210,The Passion of Joan of Arc,Carl Theodor Dreyer,France,French,25 October 1928 ,1h 54min,8.1,1928
211,Logan,James Mangold,USA,English,3 March 2017 ,2h 17min,8.1,2017
212,Spotlight,Tom McCarthy,USA,English,20 November 2015 ,2h 9min,8.1,2015
213,Amores Perros,Alejandro G. Iñárritu,Mexico,Spanish,13 April 2001 ,2h 34min,8.1,2001
214,Catch Me If You Can,Steven Spielberg,USA,English,25 December 2002 ,2h 21min,8.1,2002
215,Harry Potter and the Deathly Hallows: Part 2,David Yates,USA,English,15 July 2011 ,2h 10min,8.1,2011
216,Nausicaä of the Valley of the Wind,Hayao Miyazaki,Japan,Japanese,25 November 1987 ,1h 57min,8.1,1987
217,The Princess Bride,Rob Reiner,USA,English,9 October 1987 ,1h 38min,8.1,1987
218,Butch Cassidy and the Sundance Kid,George Roy Hill,USA,English,24 October 1969 ,1h 50min,8.1,1969
219,Rocky,John G. Avildsen,USA,English,3 December 1976 ,2h,8.1,1976
220,Rang De Basanti,Rakeysh Omprakash Mehra,India,Hindi,26 January 2006 ,2h 37min,8.2,2006
221,Barry Lyndon,Stanley Kubrick,USA,English,18 December 1975 ,3h 5min,8.1,1975
222,"Monsters, Inc.",Pete Docter,USA,English,2 November 2001 ,1h 32min,8.1,2001
223,Raise the Red Lantern,Yimou Zhang,Mandarin,Mandarin,18 December 1991 ,2h 5min,8.2,1991
224,The Grapes of Wrath,John Ford,USA,English,15 March 1940 ,2h 9min,8.1,1940
225,Dead Poets Society,Peter Weir,USA,English,9 June 1989 ,2h 8min,8.1,1989
226,The Maltese Falcon,John Huston,USA,English,18 October 1941 ,1h 40min,8.1,1941
227,The Terminator,James Cameron,UK,English,26 October 1984 ,1h 47min,8.0,1984
228,Gandhi,Richard Attenborough,USA,English,25 February 1983 ,3h 11min,8.1,1983
229,Donnie Darko,Richard Kelly,USA,English,26 October 2001 ,1h 53min,8.1,2001
230,The Handmaiden,Chan-wook Park,South Korea,Korean,1 June 2016 ,2h 25min,8.1,2016
231,La Haine,Mathieu Kassovitz,France,French,23 February 1996 ,1h 38min,8.1,1996
232,Diabolique,Henri-Georges Clouzot,France,French,21 November 1955 ,1h 57min,8.1,1955
233,In the Mood for Love,Kar-Wai Wong,Hong Kong,Cantonese,9 March 2001 ,1h 38min,8.1,2001
234,Groundhog Day,Harold Ramis,USA,English,12 February 1993 ,1h 41min,8.0,1993
235,The Wizard of Oz,Victor Fleming,USA,English,25 August 1939 ,1h 42min,8.0,1939
236,The Help,Tate Taylor,USA,English,10 August 2011 ,2h 26min,8.1,2011
237,Jaws,Steven Spielberg,USA,English,20 June 1975 ,2h 4min,8.0,1975
238,Before Sunset,Richard Linklater,USA,English,30 July 2004 ,1h 20min,8.1,2004
239,The Nights of Cabiria,Federico Fellini,Italy,Italian,16 October 1957 ,1h 50min,8.1,1957
240,"Paris, Texas",Wim Wenders,USA,English,23 August 1984 ,2h 25min,8.1,1984
241,Guardians of the Galaxy,James Gunn,USA,English,1 August 2014 ,2h 1min,8.1,2014
242,Castle in the Sky,Hayao Miyazaki,Japan,Japanese,19 July 1991 ,2h 5min,8.1,1991
243,Pirates of the Caribbean: The Curse of the Black Pearl,Gore Verbinski,USA,English,9 July 2003 ,2h 23min,8.0,2003
244,The Best Years of Our Lives,William Wyler,USA,English,29 May 1947 ,2h 50min,8.1,1947
245,Beauty and the Beast,Gary Trousdale,USA,English,22 November 1991 ,1h 24min,8.0,1991
246,The Exorcist,William Friedkin,USA,English,26 December 1973 ,2h 2min,8.0,1973
247,Three Colors: Red,Krzysztof Kieslowski,France,French,23 November 1994 ,1h 39min,8.1,1994
248,Drishyam,Nishikant Kamat,India,Hindi,31 July 2015 ,2h 43min,8.3,2015
249,PK,Rajkumar Hirani,India,Hindi,19 December 2014 ,2h 33min,8.2,2014
250,8½,Federico Fellini,Italy,Italian,25 June 1963 ,2h 18min,8.1,1963
